1,Sara,Malaspina,Italian,2001-07-04,saramalaspina@gmail.com,1111
2,Silvia,Perelli,Italian,2002-04-16,silviaperelli@gmail.com,2222
3,Steve,Harrington,American,2003-06-06,steveharrington@gmail.com,3333
4,Dustin,Henderson,American,2008-12-18,dustinhenderson@gmail.com,4444
5,Mike,Wheeler,English,2007-02-09,mikewheeler@gmail.com,5555
6,Joe,Goldberg,American,2008-09-28,joegoldberg@gmail.com,6666
7,Rose,Witt,English,2005-04-13,rosewitt@gmail.com,7777
8,Lucia,Meloni,Italian,2010-05-20,luciameloni@gmail.com,1555555
9,Lucia,Pere,Italian,2009-05-29,luciapere@gmail.com,4555555